email,username,profile_image,password,bio,header_image,city,state,zip_code,instruments,genres
marcusallen@example.com,richard50,https://randomuser.me/api/portraits/men/74.jpg,$2b$12$Q1PUFjhN/AWRQ21LbGYvjeLpZZB6lfZ1BPwifHALGO6oIbyC3CmJe,Today explain meet else budget official wide.,https://splashbase.s3.amazonaws.com/unsplash/regular/tumblr_mnh1d7s3UD1st5lhmo1_1280.jpg,East Claudiahaven,AL,36054,,
douglasantonio@example.com,iharvey,https://randomuser.me/api/portraits/women/61.jpg,$2b$12$Q1PUFjhN/AWRQ21LbGYvjeLpZZB6lfZ1BPwifHALGO6oIbyC3CmJe,Building way whole professor scientist. Three child fine they. Concern organization model near government detail wide.,https://splashbase.s3.amazonaws.com/unsplash/regular/tumblr_mnh29fxz111st5lhmo1_1280.jpg,Lake Brittany,AL,36830,,
jennifer96@example.org,gutierrezalice,https://randomuser.me/api/portraits/women/89.jpg,$2b$12$Q1PUFjhN/AWRQ21LbGYvjeLpZZB6lfZ1BPwifHALGO6oIbyC3CmJe,Nation sport behind pay throughout audience discover. Mission easy decide create decision. Commercial generation process white know.,https://splashbase.s3.amazonaws.com/unsplash/regular/tumblr_mopq8fyQwI1st5lhmo1_1280.jpg,Port Johnside,AL,36066,,
thomasthompson@example.net,ballardjessica,https://randomuser.me/api/portraits/lego/4.jpg,$2b$12$Q1PUFjhN/AWRQ21LbGYvjeLpZZB6lfZ1BPwifHALGO6oIbyC3CmJe,Source religious song industry happy popular inside.,https://splashbase.s3.amazonaws.com/unsplash/regular/tumblr_mo2x9xqeef1st5lhmo1_1280.jpg,Parkerfurt,AL,36832,,
shelley35@example.com,patricia05,https://randomuser.me/api/portraits/women/30.jpg,$2b$12$Q1PUFjhN/AWRQ21LbGYvjeLpZZB6lfZ1BPwifHALGO6oIbyC3CmJe,Agreement trial financial prove produce. Color seven rather model free similar. Civil security main significant party market.,https://splashbase.s3.amazonaws.com/unsplash/regular/tumblr_mnh1jdFvHR1st5lhmo1_1280.jpg,Emilyton,AL,36832,,
taylorlydia@example.org,wesley36,https://randomuser.me/api/portraits/men/37.jpg,$2b$12$Q1PUFjhN/AWRQ21LbGYvjeLpZZB6lfZ1BPwifHALGO6oIbyC3CmJe,Together many budget summer around. Others large professor stuff tree.,https://splashbase.s3.amazonaws.com/unsplash/regular/tumblr_mnh1d7s3UD1st5lhmo1_1280.jpg,North Robin,AL,36117,,
foxjerry@example.com,patrick61,https://randomuser.me/api/portraits/men/97.jpg,$2b$12$Q1PUFjhN/AWRQ21LbGYvjeLpZZB6lfZ1BPwifHALGO6oIbyC3CmJe,Walk then camera offer growth free.,https://splashbase.s3.amazonaws.com/unsplash/regular/tumblr_mp6rzyNlAN1st5lhmo1_1280.jpg,Lake Scott,AL,36117,,
briananderson@example.org,wisestefanie,https://randomuser.me/api/portraits/men/41.jpg,$2b$12$Q1PUFjhN/AWRQ21LbGYvjeLpZZB6lfZ1BPwifHALGO6oIbyC3CmJe,Ready generation seven condition. Side last mother world read opportunity.,https://splashbase.s3.amazonaws.com/unsplash/regular/tumblr_mo2xgqdEFn1st5lhmo1_1280.jpg,West Andrewstad,AL,36830,,
sharoncarr@example.net,alexandra24,https://randomuser.me/api/portraits/women/9.jpg,$2b$12$Q1PUFjhN/AWRQ21LbGYvjeLpZZB6lfZ1BPwifHALGO6oIbyC3CmJe,Large charge pull maybe he dark new. Notice understand phone avoid manage something. East southern history voice team me movement should. Process major old paper.,https://splashbase.s3.amazonaws.com/unsplash/regular/tumblr_mpp6f50W261st5lhmo1_1280.jpg,Collinsfort,AL,36066,,
steven77@example.net,briansanders,https://randomuser.me/api/portraits/men/99.jpg,$2b$12$Q1PUFjhN/AWRQ21LbGYvjeLpZZB6lfZ1BPwifHALGO6oIbyC3CmJe,Third cultural situation tell according relationship. Me ability floor know go. Special old matter ready continue join cost.,https://splashbase.s3.amazonaws.com/unsplash/regular/tumblr_mopqdfx05t1st5lhmo1_1280.jpg,Laneport,AL,35242,,
jacob96@example.com,ijenkins,https://randomuser.me/api/portraits/men/83.jpg,$2b$12$Q1PUFjhN/AWRQ21LbGYvjeLpZZB6lfZ1BPwifHALGO6oIbyC3CmJe,Discussion my money light.,https://splashbase.s3.amazonaws.com/unsplash/regular/tumblr_mnh25vNOvI1st5lhmo1_1280.jpg,Lake Jessica,AL,36022,,
urivers@example.net,brownamber,https://randomuser.me/api/portraits/men/42.jpg,$2b$12$Q1PUFjhN/AWRQ21LbGYvjeLpZZB6lfZ1BPwifHALGO6oIbyC3CmJe,Single health sense. Baby west last food voice.,https://splashbase.s3.amazonaws.com/unsplash/regular/tumblr_mopq4kHmAg1st5lhmo1_1280.jpg,South Charles,AL,36054,,
sarahsmith@example.org,ashley39,https://randomuser.me/api/portraits/men/36.jpg,$2b$12$Q1PUFjhN/AWRQ21LbGYvjeLpZZB6lfZ1BPwifHALGO6oIbyC3CmJe,Room tough possible many particularly get.,https://splashbase.s3.amazonaws.com/unsplash/regular/tumblr_mopqhxFulr1st5lhmo1_1280.jpg,Brandontown,AL,36832,,
amanda10@example.org,kristen74,https://randomuser.me/api/portraits/lego/3.jpg,$2b$12$Q1PUFjhN/AWRQ21LbGYvjeLpZZB6lfZ1BPwifHALGO6oIbyC3CmJe,Central station specific eat more color high. Upon condition husband require.,https://splashbase.s3.amazonaws.com/unsplash/regular/tumblr_mp6s7lR1lS1st5lhmo1_1280.jpg,Joshuaville,AL,36832,,
williamsgail@example.com,stephanie26,https://randomuser.me/api/portraits/men/23.jpg,$2b$12$Q1PUFjhN/AWRQ21LbGYvjeLpZZB6lfZ1BPwifHALGO6oIbyC3CmJe,List network eight some improve lay inside. Include especially last system likely.,https://splashbase.s3.amazonaws.com/unsplash/regular/tumblr_mopqj9QUeq1st5lhmo1_1280.jpg,West Derrickchester,AL,35758,,
robert55@example.net,catherine00,https://randomuser.me/api/portraits/women/30.jpg,$2b$12$Q1PUFjhN/AWRQ21LbGYvjeLpZZB6lfZ1BPwifHALGO6oIbyC3CmJe,Consumer require ability machine between camera admit. Rather few director. Accept other myself director follow.,https://splashbase.s3.amazonaws.com/unsplash/regular/tumblr_mp6s4dzqHA1st5lhmo1_1280.jpg,Lake Faithfurt,AL,36022,,
thompsonsonya@example.org,smendoza,https://randomuser.me/api/portraits/women/26.jpg,$2b$12$Q1PUFjhN/AWRQ21LbGYvjeLpZZB6lfZ1BPwifHALGO6oIbyC3CmJe,Couple style always memory focus. Main but effect woman material property language. Standard relationship section democratic fear.,https://splashbase.s3.amazonaws.com/unsplash/regular/tumblr_mp6s32zb6l1st5lhmo1_1280.jpg,Port William,AL,36066,,
medinacarolyn@example.org,robinsonolivia,https://randomuser.me/api/portraits/men/76.jpg,$2b$12$Q1PUFjhN/AWRQ21LbGYvjeLpZZB6lfZ1BPwifHALGO6oIbyC3CmJe,Plant at debate teach themselves modern explain. Protect room camera yet. Behavior huge station network cold.,https://splashbase.s3.amazonaws.com/unsplash/regular/tumblr_mo2xijE2nr1st5lhmo1_1280.jpg,North Dianaburgh,AL,36830,,
martinezlori@example.net,potterstephen,https://randomuser.me/api/portraits/men/44.jpg,$2b$12$Q1PUFjhN/AWRQ21LbGYvjeLpZZB6lfZ1BPwifHALGO6oIbyC3CmJe,Southern finish laugh use research consumer. Line he less conference carry side note.,https://splashbase.s3.amazonaws.com/unsplash/regular/tumblr_mopqkkwK2M1st5lhmo1_1280.jpg,Lake Mary,AL,36830,,
rebecca50@example.net,sherry08,https://randomuser.me/api/portraits/women/98.jpg,$2b$12$Q1PUFjhN/AWRQ21LbGYvjeLpZZB6lfZ1BPwifHALGO6oIbyC3CmJe,Ok discussion night decision agreement success job. National get far difficult decade you. Under treat answer group meeting suggest be.,https://splashbase.s3.amazonaws.com/unsplash/regular/tumblr_mopq4kHmAg1st5lhmo1_1280.jpg,New Michael,AL,36066,,
michael44@example.net,mkerr,https://randomuser.me/api/portraits/men/56.jpg,$2b$12$Q1PUFjhN/AWRQ21LbGYvjeLpZZB6lfZ1BPwifHALGO6oIbyC3CmJe,Join would system goal list to huge. Score huge industry large business into large. Guess others however decide option whom.,https://splashbase.s3.amazonaws.com/unsplash/regular/tumblr_mp6sasSvPZ1st5lhmo1_1280.jpg,East Rachelchester,AL,36022,,
norman91@example.com,ikirby,https://randomuser.me/api/portraits/women/21.jpg,$2b$12$Q1PUFjhN/AWRQ21LbGYvjeLpZZB6lfZ1BPwifHALGO6oIbyC3CmJe,Police wonder score cause. Technology along relationship course view page. Phone east show year real understand.,https://splashbase.s3.amazonaws.com/unsplash/regular/tumblr_mopqhxFulr1st5lhmo1_1280.jpg,Lake Wendyborough,AL,35758,,
newmanelizabeth@example.com,brian23,https://randomuser.me/api/portraits/men/78.jpg,$2b$12$Q1PUFjhN/AWRQ21LbGYvjeLpZZB6lfZ1BPwifHALGO6oIbyC3CmJe,Everything heart on TV. Land rich single American many price read. Different else war rise send care approach.,https://splashbase.s3.amazonaws.com/unsplash/regular/tumblr_mp6sasSvPZ1st5lhmo1_1280.jpg,Davidside,AL,36054,,
christopherdaniels@example.com,hreed,https://randomuser.me/api/portraits/men/4.jpg,$2b$12$Q1PUFjhN/AWRQ21LbGYvjeLpZZB6lfZ1BPwifHALGO6oIbyC3CmJe,Federal wind happen huge. Than find box our pull arm grow. Peace produce get wrong plan prepare company civil. Hope fund call ask history.,https://splashbase.s3.amazonaws.com/unsplash/regular/tumblr_mnh0n9pHJW1st5lhmo1_1280.jpg,Toddmouth,AL,36695,,
westjoseph@example.net,averymichelle,https://randomuser.me/api/portraits/women/77.jpg,$2b$12$Q1PUFjhN/AWRQ21LbGYvjeLpZZB6lfZ1BPwifHALGO6oIbyC3CmJe,Area key ok. Stage outside draw speech.,https://splashbase.s3.amazonaws.com/unsplash/regular/tumblr_mp6s7lR1lS1st5lhmo1_1280.jpg,East Kenneth,AL,35758,,
uobrien@example.org,stewartalicia,https://randomuser.me/api/portraits/women/74.jpg,$2b$12$Q1PUFjhN/AWRQ21LbGYvjeLpZZB6lfZ1BPwifHALGO6oIbyC3CmJe,Medical pretty almost year join something. So financial note history soon never up. Party send Mrs cultural. Language hour simply end meet.,https://splashbase.s3.amazonaws.com/unsplash/regular/tumblr_mp6rzyNlAN1st5lhmo1_1280.jpg,Port Sabrina,AL,36117,,
cmiller@example.net,xgray,https://randomuser.me/api/portraits/men/84.jpg,$2b$12$Q1PUFjhN/AWRQ21LbGYvjeLpZZB6lfZ1BPwifHALGO6oIbyC3CmJe,Sit serve beyond deal policy. From prepare make low federal.,https://splashbase.s3.amazonaws.com/unsplash/regular/tumblr_mopqdfx05t1st5lhmo1_1280.jpg,North Dianebury,AL,36054,,
hwatson@example.org,gregoryflores,https://randomuser.me/api/portraits/men/72.jpg,$2b$12$Q1PUFjhN/AWRQ21LbGYvjeLpZZB6lfZ1BPwifHALGO6oIbyC3CmJe,As performance paper run some. From past without similar.,https://splashbase.s3.amazonaws.com/unsplash/regular/tumblr_mnh17lfd9R1st5lhmo1_1280.jpg,North Ronaldshire,AL,36054,,
susanjohnson@example.com,lrodriguez,https://randomuser.me/api/portraits/women/5.jpg,$2b$12$Q1PUFjhN/AWRQ21LbGYvjeLpZZB6lfZ1BPwifHALGO6oIbyC3CmJe,Really during great enter great building collection. Chair number order rise. Sell board big watch thousand. Majority must list country from.,https://splashbase.s3.amazonaws.com/unsplash/regular/tumblr_mp6sasSvPZ1st5lhmo1_1280.jpg,Pughland,AL,36054,,
lisa13@example.org,keithsanders,https://randomuser.me/api/portraits/women/32.jpg,$2b$12$Q1PUFjhN/AWRQ21LbGYvjeLpZZB6lfZ1BPwifHALGO6oIbyC3CmJe,Catch sound behavior listen. Growth success many whole design. Deal ok start their real film.,https://splashbase.s3.amazonaws.com/unsplash/regular/tumblr_mo2x9xqeef1st5lhmo1_1280.jpg,Navarromouth,AL,36054,,
jwilson@example.net,xrandall,https://randomuser.me/api/portraits/women/96.jpg,$2b$12$Q1PUFjhN/AWRQ21LbGYvjeLpZZB6lfZ1BPwifHALGO6oIbyC3CmJe,Range ask production there. Same another very prepare technology Mr well smile. Receive rise one rule.,https://splashbase.s3.amazonaws.com/unsplash/regular/tumblr_mp6scv2xrZ1st5lhmo1_1280.jpg,Lake Brenda,AL,36830,,
adamramirez@example.org,richard95,https://randomuser.me/api/portraits/men/22.jpg,$2b$12$Q1PUFjhN/AWRQ21LbGYvjeLpZZB6lfZ1BPwifHALGO6oIbyC3CmJe,Ready high see who yes month north technology. Then fast such production today even.,https://splashbase.s3.amazonaws.com/unsplash/regular/tumblr_mp6s32zb6l1st5lhmo1_1280.jpg,Walkerland,AL,36832,,
danielholland@example.net,pburke,https://randomuser.me/api/portraits/men/48.jpg,$2b$12$Q1PUFjhN/AWRQ21LbGYvjeLpZZB6lfZ1BPwifHALGO6oIbyC3CmJe,They as family set. Vote lot state establish manage crime pass.,https://splashbase.s3.amazonaws.com/unsplash/regular/tumblr_mo1h6tGOZf1st5lhmo1_1280.jpg,Biancamouth,AL,36066,,
xwalker@example.com,hlong,https://randomuser.me/api/portraits/men/1.jpg,$2b$12$Q1PUFjhN/AWRQ21LbGYvjeLpZZB6lfZ1BPwifHALGO6oIbyC3CmJe,Catch financial idea. Court whole customer administration community of yes bill. Child land so. Program significant high size hospital.,https://splashbase.s3.amazonaws.com/unsplash/regular/tumblr_mopqfpSTPN1st5lhmo1_1280.jpg,New Adamview,AL,36066,,
josewilson@example.com,christopher19,https://randomuser.me/api/portraits/women/62.jpg,$2b$12$Q1PUFjhN/AWRQ21LbGYvjeLpZZB6lfZ1BPwifHALGO6oIbyC3CmJe,Whole send whatever serious report. Teacher lot decide side time cold.,https://splashbase.s3.amazonaws.com/unsplash/regular/tumblr_mnh0uemhCk1st5lhmo1_1280.jpg,Port Leah,AL,35242,,
mvasquez@example.com,christopherwarner,https://randomuser.me/api/portraits/women/20.jpg,$2b$12$Q1PUFjhN/AWRQ21LbGYvjeLpZZB6lfZ1BPwifHALGO6oIbyC3CmJe,Alone choose physical professional simple. One our nation.,https://splashbase.s3.amazonaws.com/unsplash/regular/tumblr_mo2xdqmle51st5lhmo1_1280.jpg,Annaville,AL,36830,,
wgonzalez@example.com,trodriguez,https://randomuser.me/api/portraits/women/61.jpg,$2b$12$Q1PUFjhN/AWRQ21LbGYvjeLpZZB6lfZ1BPwifHALGO6oIbyC3CmJe,Administration human impact necessary arrive social. What ok simply exist must campaign. Pay social beat movement then TV if.,https://splashbase.s3.amazonaws.com/unsplash/regular/tumblr_mnh2m1hnS81st5lhmo1_1280.jpg,Brownchester,AL,36066,,
stephanie91@example.com,shannondaniel,https://randomuser.me/api/portraits/women/7.jpg,$2b$12$Q1PUFjhN/AWRQ21LbGYvjeLpZZB6lfZ1BPwifHALGO6oIbyC3CmJe,Forward research company second speak. Really suffer task place out. Side before science drug walk.,https://splashbase.s3.amazonaws.com/unsplash/regular/tumblr_mnh17lfd9R1st5lhmo1_1280.jpg,Loriton,AL,36832,,
jerome23@example.com,vazquezdebra,https://randomuser.me/api/portraits/men/51.jpg,$2b$12$Q1PUFjhN/AWRQ21LbGYvjeLpZZB6lfZ1BPwifHALGO6oIbyC3CmJe,Once believe almost investment final. Just structure couple act huge message role. Indeed office item most.,https://splashbase.s3.amazonaws.com/unsplash/regular/tumblr_mp6s661UgK1st5lhmo1_1280.jpg,West Meaganville,AL,36066,,
downsmichelle@example.com,mark97,https://randomuser.me/api/portraits/men/67.jpg,$2b$12$Q1PUFjhN/AWRQ21LbGYvjeLpZZB6lfZ1BPwifHALGO6oIbyC3CmJe,Put current just enjoy per your up.,https://splashbase.s3.amazonaws.com/unsplash/regular/tumblr_mnh1jdFvHR1st5lhmo1_1280.jpg,East Victoria,AL,36695,,
davismegan@example.org,melanieprice,https://randomuser.me/api/portraits/lego/0.jpg,$2b$12$Q1PUFjhN/AWRQ21LbGYvjeLpZZB6lfZ1BPwifHALGO6oIbyC3CmJe,Movement blue itself expect boy field.,https://splashbase.s3.amazonaws.com/unsplash/regular/tumblr_mopqhxFulr1st5lhmo1_1280.jpg,Mortonborough,AL,36066,,
diazjason@example.org,xbell,https://randomuser.me/api/portraits/men/97.jpg,$2b$12$Q1PUFjhN/AWRQ21LbGYvjeLpZZB6lfZ1BPwifHALGO6oIbyC3CmJe,Black finish other improve. Inside direction indicate central drive. Little that box my.,https://splashbase.s3.amazonaws.com/unsplash/regular/tumblr_mopq4kHmAg1st5lhmo1_1280.jpg,New Kristinaberg,AL,35242,,
danielcooper@example.com,sanchezamanda,https://randomuser.me/api/portraits/men/73.jpg,$2b$12$Q1PUFjhN/AWRQ21LbGYvjeLpZZB6lfZ1BPwifHALGO6oIbyC3CmJe,Song fill whether small wish. Total situation point community health future baby standard.,https://splashbase.s3.amazonaws.com/unsplash/regular/tumblr_mo2x80NkDu1st5lhmo1_1280.jpg,Walkerchester,AL,36830,,
alvarezjoshua@example.net,pricetimothy,https://randomuser.me/api/portraits/lego/6.jpg,$2b$12$Q1PUFjhN/AWRQ21LbGYvjeLpZZB6lfZ1BPwifHALGO6oIbyC3CmJe,Street factor out seat. Of truth view build city hair resource.,https://splashbase.s3.amazonaws.com/unsplash/regular/tumblr_mo2x3aAnRH1st5lhmo1_1280.jpg,New Steven,AL,36695,,
jonesjennifer@example.org,ramosnathan,https://randomuser.me/api/portraits/women/97.jpg,$2b$12$Q1PUFjhN/AWRQ21LbGYvjeLpZZB6lfZ1BPwifHALGO6oIbyC3CmJe,These investment year century.,https://splashbase.s3.amazonaws.com/unsplash/regular/tumblr_mp6scv2xrZ1st5lhmo1_1280.jpg,West Elizabethmouth,AL,36117,,
sarah19@example.com,david04,https://randomuser.me/api/portraits/men/62.jpg,$2b$12$Q1PUFjhN/AWRQ21LbGYvjeLpZZB6lfZ1BPwifHALGO6oIbyC3CmJe,Eye operation everything Democrat Republican sister increase. Protect outside wall about such.,https://splashbase.s3.amazonaws.com/unsplash/regular/tumblr_mpp6tjdFhf1st5lhmo1_1280.jpg,North Anthonyland,AL,36117,,
agarcia@example.com,nrose,https://randomuser.me/api/portraits/women/91.jpg,$2b$12$Q1PUFjhN/AWRQ21LbGYvjeLpZZB6lfZ1BPwifHALGO6oIbyC3CmJe,Popular international man century long little question. Within score city become eye realize. Leg mother community instead.,https://splashbase.s3.amazonaws.com/unsplash/regular/tumblr_mopqc3ZZcz1st5lhmo1_1280.jpg,Lake Kristenport,AL,35758,,
qford@example.com,marie45,https://randomuser.me/api/portraits/women/89.jpg,$2b$12$Q1PUFjhN/AWRQ21LbGYvjeLpZZB6lfZ1BPwifHALGO6oIbyC3CmJe,Movement claim determine success affect. Range south future cost. Program difference remain member treatment.,https://splashbase.s3.amazonaws.com/unsplash/regular/tumblr_mnh0uemhCk1st5lhmo1_1280.jpg,North Jacob,AL,36054,,
wrightheather@example.net,howardjulia,https://randomuser.me/api/portraits/women/82.jpg,$2b$12$Q1PUFjhN/AWRQ21LbGYvjeLpZZB6lfZ1BPwifHALGO6oIbyC3CmJe,Indeed book ok notice interview despite audience meet. Simple should green because.,https://splashbase.s3.amazonaws.com/unsplash/regular/tumblr_mo2wz2LTCs1st5lhmo1_1280.jpg,Pattersonhaven,AL,36117,,
raymond79@example.net,travisgrant,https://randomuser.me/api/portraits/women/10.jpg,$2b$12$Q1PUFjhN/AWRQ21LbGYvjeLpZZB6lfZ1BPwifHALGO6oIbyC3CmJe,Century buy treatment memory husband pay key. Continue base full feeling everything easy network. Although million eye matter quality shoulder. Mrs Republican his artist card arrive.,https://splashbase.s3.amazonaws.com/unsplash/regular/tumblr_mo2x80NkDu1st5lhmo1_1280.jpg,Batesview,AL,36054,,
